dataset_index,image_id,image_name,explanation_number,seed,explanation
17,4d81e826a63a58b637f7eb54185b1bd0,documerica_0018.jpg,1,1001,"The image depicts a tranquil lakeside scene with a horse standing near a tree on the shore. The horse appears calm and stationary, facing slightly away from the camera towards the water. In the background, several sailboats are visible on the lake, suggesting a recreational activity like sailing or regatta. The setting includes a grassy area with some shrubs and trees, indicating a natural, possibly rural environment. The overcast sky gives the scene a muted, serene atmosphere. There are no people visible in the image, and no text or signs can be discerned. The boats' positioning and the horse"
17,4d81e826a63a58b637f7eb54185b1bd0,documerica_0018.jpg,2,1002,"The photograph captures a serene lakeside scene with a horse standing near the foreground, partially under a tree. The horse appears to be tethered, as a rope hangs down from its halter. In the midground, several sailboats are visible on the water, suggesting recreational sailing activity. The setting appears peaceful, with grassy banks and trees lining the lake's edge, indicating a natural, possibly rural environment. The overcast sky suggests it might be a cool or mild day. The absence of people in the image limits direct observations about human activities beyond the implied presence of sailors. There are no"
17,4d81e826a63a58b637f7eb54185b1bd0,documerica_0018.jpg,3,1003,"The image depicts a serene lakeside scene with a horse standing near a tree in the foreground on a grassy area. The horse appears to be calm and facing towards the lake. In the background, there is a body of water where several sailboats are sailing, suggesting a leisurely day of boating. The trees lining the shore appear to be lush and green, indicating it might be spring or summer. The sky is overcast, giving the scene a soft, muted tone. There are no visible people in the image, so their actions cannot be described. The presence of the sailboats implies"
17,4d81e826a63a58b637f7eb54185b1bd0,documerica_0018.jpg,4,1004,"The image depicts a serene lakeside scene with a horse standing in the foreground near a tree. The horse appears calm and stationary, gazing towards the water. In the background, several sailboats are visible on the lake, suggesting recreational sailing activity. The water surface reflects the boats and trees, indicating a relatively calm day. The surrounding environment includes grassy areas and more trees, which contribute to the peaceful atmosphere. No people are visible in the image, so their actions cannot be described. The boats and tree suggest the photo may have been taken during a leisurely day by a lake, possibly for"
17,4d81e826a63a58b637f7eb54185b1bd0,documerica_0018.jpg,5,1005,"The image shows a serene lakeside scene with a horse standing on a grassy bank, partially under the shade of a tree. The horse appears calm and is facing slightly towards the viewer. In the background, several sailboats are visible on the water, suggesting recreational sailing activity. The sailboats are spread across the lake, some closer to the shore while others are further out, indicating leisurely navigation rather than competitive racing. The surrounding environment includes trees and vegetation typical of a natural lakeside setting, providing a tranquil atmosphere. There are no people visible in the image, so their actions cannot be described"
29,2c0d25fe3707fdbe4d7988a898c5ed1b,documerica_0030.jpg,1,1001,"The image shows a group of four individuals in a small, flat-bottomed boat on the edge of a body of water, possibly a lake or river. The people appear to be engaged in recreational rowing, as they hold oars and seem to be enjoying the activity. The water is calm, and the shoreline consists of muddy terrain with sparse vegetation. In the background, there is a small island or peninsula covered with trees, and further back, snow-capped mountains rise against a clear sky. The overall setting suggests a natural, outdoor recreational area, likely in a remote or less populated region."
29,2c0d25fe3707fdbe4d7988a898c5ed1b,documerica_0030.jpg,2,1002,"The image shows a group of four individuals in a small, flat-bottomed boat on a body of water, likely a lake. The boat is rowed by one person at the back, while others appear to be seated or standing inside. The individuals are wearing minimal clothing, suggesting warm weather. They seem relaxed and engaged in leisurely activity. The setting includes a sandy or muddy shore with patches of wetland vegetation. In the background, there is a distant view of snow-capped mountains, indicating a cold climate despite the warm attire of the individuals. The sky is clear, hinting at a"
29,2c0d25fe3707fdbe4d7988a898c5ed1b,documerica_0030.jpg,3,1003,"The image depicts four individuals seated in a small, open rowboat on a calm body of water near a shoreline. The boat appears to be wooden and is situated close to the shore, suggesting shallow water conditions. The people in the boat appear to be engaged in conversation or relaxation, with some leaning back in a relaxed posture. The surrounding environment includes a tranquil lake bordered by a sandy shore, with vegetation and distant snow-capped mountains in the background. The sky is overcast, casting a muted light over the scene. There are no visible texts or signs, and the overall atmosphere suggests a leisurely"
29,2c0d25fe3707fdbe4d7988a898c5ed1b,documerica_0030.jpg,4,1004,"The image depicts a small group of four individuals seated in a small, flat-bottomed rowboat on a body of water near a sandy shore. The boat appears to be made of wood, and one person is actively rowing with an oar. The water surface shows slight ripples, suggesting calm conditions. In the background, there is a small island covered with vegetation, and further in the distance, snow-capped mountains rise against the horizon under a clear sky. The overall scene suggests a recreational activity in a natural setting. The clothing of the individuals appears casual, which could imply a leisurely"
29,2c0d25fe3707fdbe4d7988a898c5ed1b,documerica_0030.jpg,5,1005,"The image shows three individuals seated in a small rowboat at the edge of a body of water, possibly a lake. The individuals appear to be engaging in leisurely activity, with one person rowing. The boat is positioned near the shore, which is muddy and has some sparse vegetation. The background features a calm water surface, a distant landmass with what appears to be snow-capped mountains, and an overcast sky. There are no visible texts or signs within the frame. The setting suggests a serene, natural environment, likely a recreational area for boating or fishing. The people seem relaxed"
38,eb7fdbdea2c7024e45c162b0ab817140,documerica_0039.jpg,1,1001,"The image depicts a truck parked on a dusty road near a small building that appears to be a shed. Attached to the truck are two large green cylindrical containers, which may be used for waste collection or storage. A metal frame and possibly a hydraulic system are visible, suggesting the truck might be equipped for waste management or recycling services. The surrounding area includes a paved street, some vegetation, and a few scattered trees, indicating a rural or semi-rural setting. A person, likely an employee, is visible through the driver's side window of the truck, though their actions are not clear. The overall"
38,eb7fdbdea2c7024e45c162b0ab817140,documerica_0039.jpg,2,1002,"The image shows a utility vehicle parked on a paved road, likely used for waste management or environmental services. Two cylindrical trash containers are secured to the side of the truck. One container appears to have the number ""93"" written on it. The truck's design suggests it might be used for transportation and disposal of waste materials. In the foreground, there’s an open wooden crate with what looks like debris or waste contents. The setting includes a rural or semi-rural area with houses and trees in the background. The presence of the truck and containers suggests some form of environmental cleanup or collection activity taking"
38,eb7fdbdea2c7024e45c162b0ab817140,documerica_0039.jpg,3,1003,"The image appears to show a utility vehicle parked on a dirt road next to a small wooden structure, possibly a shed or outbuilding. The vehicle has a boxy, enclosed cab with visible windows and a rear-mounted device that looks like it could be used for waste collection or other utility services. Two cylindrical containers, likely for garbage or recycling, are positioned near the vehicle on the ground, with one showing the number ""94"" on its side. A person, partially obscured by the vehicle's structure, seems to be standing inside the cabin, though their activity is not clear.

The setting appears"
38,eb7fdbdea2c7024e45c162b0ab817140,documerica_0039.jpg,4,1004,"The image depicts a scene likely from a rural or suburban area, with a white utility vehicle parked on a paved street. Two green cylindrical trash bins are positioned near the front of the vehicle, suggesting waste collection activity. The presence of a person inside the truck's cabin indicates it may be in operation or about to begin its route. A wooden shed with a door is visible in the background, along with some trees and a fence, reinforcing the impression of a quiet neighborhood. A cardboard box lies on the ground to the left of the bins, potentially containing recyclable materials. The overall setting appears calm and"
38,eb7fdbdea2c7024e45c162b0ab817140,documerica_0039.jpg,5,1005,"The image shows an outdoor scene likely taken in a rural or suburban area during the daytime, judging by the lighting and shadows. In the foreground, there is a large, white truck with a prominent cab, parked on a dirt or gravel surface. Attached to the back of the truck are two green cylindrical containers, possibly used for waste collection or recycling. A person appears to be seated inside the cab of the truck, although details about their actions are unclear due to the distance and angle.

The background features residential houses, trees, and a utility pole, suggesting a quiet neighborhood. There is also a small"
62,75855a6f43e53d522e9f10a2d8a907a0,documerica_0063.jpg,1,1001,"The image shows a white flag with a circular logo featuring a green tree inside a blue outline, accompanied by the text ""United States Environmental Protection Agency."" The flag is waving in the wind against a clear blue sky. There are no people visible in the image, and the flag is attached to a silver pole. The setting appears to be outdoors, possibly at a governmental or official site given the presence of the EPA flag. The flag's position and movement suggest it is likely daytime due to the bright lighting and clear weather conditions. The text on the flag provides a strong indication of its association with environmental protection"
62,75855a6f43e53d522e9f10a2d8a907a0,documerica_0063.jpg,2,1002,"The image shows a flag waving in the wind against a clear blue sky. The flag is white with a circular logo in the center, which includes a green leafy design and the text ""UNITED STATES ENVIRONMENTAL PROTECTION AGENCY."" The flag appears to be mounted on a tall pole. No people or additional objects are visible in the frame. The setting suggests an outdoor environment under favorable weather conditions. The visible text indicates that this is likely related to environmental protection efforts by the U.S. government. However, the exact location and date of the photo cannot be determined from the image alone."
62,75855a6f43e53d522e9f10a2d8a907a0,documerica_0063.jpg,3,1003,"The image depicts a white flag waving against a clear blue sky. The flag features a logo with the text ""UNITED STATES ENVIRONMENTAL PROTECTION AGENCY"" encircling a circular emblem. The emblem includes an abstract design resembling leaves and a stylized letter ""A."" There are no people or discernible activities within the frame. The flag appears to be mounted on a pole, likely outdoors, given the presence of the sky. The overall setting suggests a formal or official context, possibly related to environmental protection or conservation efforts by the United States Environmental Protection Agency. The clarity and positioning of the"
62,75855a6f43e53d522e9f10a2d8a907a0,documerica_0063.jpg,4,1004,"The image depicts a white flag waving against a clear blue sky. The flag features a circular logo with a stylized leaf and droplet design, suggesting an environmental theme. Above the logo, the text ""United States Environmental Protection Agency"" is written in a semi-circular arrangement, indicating the flag's association with this organization. The flag is attached to a metallic pole, which extends vertically through the frame. No people or other objects are visible in the immediate vicinity of the flag. The environment appears to be outdoors, likely at a location where the EPA is present or has set up a temporary display."
62,75855a6f43e53d522e9f10a2d8a907a0,documerica_0063.jpg,5,1005,"The image shows a white flag waving in a clear blue sky. The flag features the logo of the United States Environmental Protection Agency (EPA), which includes the EPA name encircling a stylized leaf and water droplet design. There are no visible people in the image, so actions cannot be described. The setting appears to be an outdoor location with no other structures or objects in view besides the flagpole. The flag's position suggests it is mounted on a pole, likely part of an official government or environmental site. The clear sky implies fair weather conditions. There is no additional visible text or"
70,99185f508c0b349a4c67a20a00361d29,documerica_0071.jpg,1,1001,"The image shows a single-story building with a white exterior and brown roof, featuring a prominent gazebo-like structure on top. The architecture suggests a historical or colonial style, possibly indicating a site of cultural significance. The building is surrounded by a large grassy area with scattered trees, including a palm tree near the structure, suggesting a warm climate. A wooden railing is visible at the entrance of the building, adding to its quaint appearance. There are no people present in the image, so their actions cannot be observed. The setting appears to be serene and open, likely designed for leisure or as a public"
70,99185f508c0b349a4c67a20a00361d29,documerica_0071.jpg,2,1002,"The image shows a large, white, multi-story building with a flat roof and a small tower-like structure on one side. The architecture suggests a blend of traditional and possibly plantation-era influences, common in southern U.S. coastal regions. A small porch with white railings is visible on the front of the main section of the building. The surrounding area includes a well-maintained lawn with patches of dry grass and some scattered bushes. There are palm trees near the building, suggesting a warm climate. A tree with dense foliage occupies part of the background, partially obscuring a view of a boat dock"
70,99185f508c0b349a4c67a20a00361d29,documerica_0071.jpg,3,1003,"The image depicts a large, two-story white building with a brown roof, possibly a historic structure given its design and setting. The building features a porch with white railings and several windows, suggesting it might have been used for public or communal purposes. A small tree stands near the entrance, partially obscuring part of the view, while other trees and shrubs surround the area, indicating a landscaped environment. The grass appears worn in some areas, hinting at frequent human activity. The open sky suggests it was taken during daylight hours under clear weather conditions. There are no visible people, objects,"
70,99185f508c0b349a4c67a20a00361d29,documerica_0071.jpg,4,1004,"The image depicts a large white building with a flat roof and a prominent cupola, situated on a grassy area. The structure appears to have a two-story design with multiple windows and a covered porch at the entrance. Palm trees are visible in front of the building, suggesting a warm climate. The surrounding environment includes a mix of open grassland and some scattered vegetation, including a bush and a tree to the right. The sky is clear and blue, indicating fair weather. There are no visible people in the image, and no discernible activities are taking place. No text or signs are apparent on"
70,99185f508c0b349a4c67a20a00361d29,documerica_0071.jpg,5,1005,"The image shows a large, two-story building with a white exterior and a brown roof, featuring multiple windows and a balcony at the front. A small garden area with shrubs and palm trees surrounds the structure. The ground is mostly grassy, with some patches of bare soil. There appear to be no people in the scene, suggesting it might be a quiet, possibly residential or institutional location. The presence of trees and open space suggests a suburban or rural setting. The overall appearance of the building and landscaping indicates it could be part of a community center, school, or historical site, though specific details"
73,eeb001aa757f125688316b3dc164acba,documerica_0074.jpg,1,1001,"The image depicts a multi-story building with a modern architectural style, characterized by large glass windows and metal frames. The structure has a clean, contemporary design, suggesting it might be an office or commercial building. Reflections in the glass windows show parts of the surrounding area, including another building and some greenery, indicating it is situated in an urban or suburban setting. The presence of a paved sidewalk and a few individuals walking suggests pedestrian activity near the building. There are no visible signs or text that provide specific information about the location or purpose of the building. The overall scene appears calm and ordinary, typical"
73,eeb001aa757f125688316b3dc164acba,documerica_0074.jpg,2,1002,"The image shows a modern building with large glass windows, reflecting adjacent structures and greenery. The architecture suggests a contemporary design, possibly an office or commercial space. The ground floor features a covered entrance area with visible doors and a paved pathway leading to it. There appear to be a few individuals near the entrance, but no specific actions can be discerned beyond their presence. The surrounding environment includes additional buildings in the background, some with different architectural styles. Trees are visible at the bottom edge of the frame, indicating a partially urban setting with some green spaces. No signage or text is clearly visible on the"
73,eeb001aa757f125688316b3dc164acba,documerica_0074.jpg,3,1003,"The image depicts a modern building with a glass facade and white structural elements. The architecture suggests a contemporary design, possibly an office or institutional building. The ground floor features large windows and doors, likely indicating public or accessible spaces. The surrounding area includes paved walkways and greenery, suggesting an urban setting. There appear to be a few individuals near the entrance, though their specific actions are unclear due to the distance and resolution of the image. The overall lighting indicates it might be daytime. The lack of any visible text or distinctive signage makes it challenging to infer more about the building's purpose or location."
73,eeb001aa757f125688316b3dc164acba,documerica_0074.jpg,4,1004,"The image depicts a modern glass building with a series of large windows reflecting adjacent structures and greenery. The architecture features a combination of horizontal and vertical elements, with visible balconies or ledges near the bottom. The building's design suggests a contemporary office or commercial structure. A person can be seen walking on the sidewalk at the base of the building, indicating pedestrian activity. The surrounding environment includes other buildings, possibly part of an urban or corporate area. The clear sky suggests daytime with fair weather conditions. No text or signs are visible on the building, and there are no explicit indications of specific cultural or"
73,eeb001aa757f125688316b3dc164acba,documerica_0074.jpg,5,1005,"The image shows a multi-story building with a modern architectural design featuring large glass windows and metal framing. The structure appears to have several levels, with reflective surfaces capturing nearby buildings and trees. At ground level, there is a paved area with a few individuals visible, possibly engaged in casual activities or walking. The presence of streetlights suggests an urban setting. There are no discernible texts or signs that provide specific context. The overall scene seems to depict a contemporary urban environment, likely a commercial or office space. The individuals' attire does not offer significant clues about the time period or their activities. No direct"
