image_name,nli_pairs,entailment_count,contradiction_count,neutral_count,contradiction_rate,consistency_score,consistency_percent,total_claims,supported_claims,unsupported_claims,unverifiable_claims,not_checkable_claims,metadata_checkable_claims,metadata_support_score,reliability_score,reliability_category
documerica_0071.jpg,34.0,4.0,9.0,21.0,0.2647058823529412,0.3076923076923077,30.76923076923077,24,0,0,2,22,0,,30.76923076923077,low
documerica_0039.jpg,40.0,5.0,9.0,26.0,0.225,0.3571428571428571,35.714285714285715,25,0,0,5,20,0,,35.71428571428571,low
documerica_0068.jpg,50.0,8.0,10.0,32.0,0.2,0.4444444444444444,44.44444444444444,20,0,0,6,14,0,,44.44444444444444,low
documerica_0019.jpg,35.0,4.0,5.0,26.0,0.1428571428571428,0.4444444444444444,44.44444444444444,25,0,0,0,25,0,,44.44444444444444,low
documerica_0030.jpg,37.0,7.0,8.0,22.0,0.2162162162162162,0.4666666666666667,46.66666666666666,23,0,0,0,23,0,,46.666666666666664,low
documerica_0049.jpg,54.0,9.0,9.0,36.0,0.1666666666666666,0.5,50.0,23,0,0,2,21,0,,50.0,low
documerica_0095.jpg,33.0,1.0,1.0,31.0,0.0303030303030303,0.5,50.0,23,0,0,3,20,0,,50.0,low
documerica_0094.jpg,53.0,7.0,6.0,40.0,0.1132075471698113,0.5384615384615384,53.84615384615385,19,0,0,4,15,0,,53.84615384615385,low
documerica_0092.jpg,51.0,5.0,4.0,42.0,0.0784313725490196,0.5555555555555556,55.55555555555556,23,0,0,1,22,0,,55.55555555555556,low
documerica_0082.jpg,37.0,9.0,7.0,21.0,0.1891891891891892,0.5625,56.25,25,0,0,8,17,0,,56.25,low
documerica_0051.jpg,46.0,6.0,4.0,36.0,0.0869565217391304,0.6,60.0,21,0,0,2,19,0,,60.0,moderate
documerica_0090.jpg,39.0,10.0,6.0,23.0,0.1538461538461538,0.625,62.5,26,0,0,5,21,0,,62.5,moderate
documerica_0086.jpg,54.0,9.0,5.0,40.0,0.0925925925925925,0.6428571428571429,64.28571428571429,20,0,0,0,20,0,,64.28571428571429,moderate
documerica_0007.jpg,37.0,4.0,2.0,31.0,0.054054054054054,0.6666666666666666,66.66666666666666,20,0,0,1,19,0,,66.66666666666666,moderate
documerica_0045.jpg,28.0,10.0,5.0,13.0,0.1785714285714285,0.6666666666666666,66.66666666666666,27,0,0,1,26,0,,66.66666666666666,moderate
documerica_0046.jpg,36.0,12.0,5.0,19.0,0.1388888888888889,0.7058823529411765,70.58823529411765,22,0,0,2,20,0,,70.58823529411765,moderate
documerica_0041.jpg,29.0,8.0,3.0,18.0,0.1034482758620689,0.7272727272727273,72.72727272727273,25,0,0,9,16,0,,72.72727272727273,moderate
documerica_0038.jpg,52.0,11.0,4.0,37.0,0.0769230769230769,0.7333333333333333,73.33333333333333,20,0,0,7,13,0,,73.33333333333333,moderate
documerica_0022.jpg,42.0,17.0,6.0,19.0,0.1428571428571428,0.7391304347826086,73.91304347826086,27,0,0,1,26,0,,73.91304347826086,moderate
documerica_0016.jpg,63.0,17.0,6.0,40.0,0.0952380952380952,0.7391304347826086,73.91304347826086,19,0,0,3,16,0,,73.91304347826086,moderate
documerica_0057.jpg,56.0,9.0,3.0,44.0,0.0535714285714285,0.75,75.0,22,0,0,7,15,0,,75.0,moderate
documerica_0029.jpg,27.0,9.0,3.0,15.0,0.1111111111111111,0.75,75.0,25,0,0,10,15,0,,75.0,moderate
documerica_0081.jpg,49.0,9.0,3.0,37.0,0.0612244897959183,0.75,75.0,22,0,0,8,14,0,,75.0,moderate
documerica_0083.jpg,48.0,12.0,4.0,32.0,0.0833333333333333,0.75,75.0,20,0,0,5,15,0,,75.0,moderate
documerica_0084.jpg,49.0,6.0,2.0,41.0,0.0408163265306122,0.75,75.0,24,0,0,4,20,0,,75.0,moderate
documerica_0053.jpg,47.0,6.0,2.0,39.0,0.0425531914893617,0.75,75.0,20,0,0,0,20,0,,75.0,moderate
documerica_0017.jpg,38.0,12.0,4.0,22.0,0.1052631578947368,0.75,75.0,26,0,0,1,25,0,,75.0,moderate
documerica_0089.jpg,54.0,16.0,5.0,33.0,0.0925925925925925,0.7619047619047619,76.19047619047619,21,0,0,3,18,0,,76.19047619047619,moderate
documerica_0014.jpg,43.0,13.0,4.0,26.0,0.0930232558139534,0.7647058823529411,76.47058823529412,23,0,0,7,16,0,,76.47058823529412,moderate
documerica_0080.jpg,64.0,12.0,5.0,47.0,0.078125,0.7058823529411765,70.58823529411765,18,1,0,6,11,1,1.0,76.47058823529413,moderate
documerica_0023.jpg,36.0,10.0,3.0,23.0,0.0833333333333333,0.7692307692307693,76.92307692307693,20,0,0,3,17,0,,76.92307692307693,moderate
documerica_0033.jpg,67.0,14.0,4.0,49.0,0.0597014925373134,0.7777777777777778,77.77777777777779,19,0,0,1,18,0,,77.77777777777779,moderate
documerica_0091.jpg,53.0,7.0,2.0,44.0,0.0377358490566037,0.7777777777777778,77.77777777777779,23,0,0,3,20,0,,77.77777777777779,moderate
documerica_0072.jpg,64.0,15.0,4.0,45.0,0.0625,0.7894736842105263,78.94736842105263,22,0,0,2,20,0,,78.94736842105263,moderate
documerica_0050.jpg,47.0,16.0,4.0,27.0,0.0851063829787234,0.8,80.0,23,0,0,0,23,0,,80.0,high
documerica_0079.jpg,51.0,12.0,3.0,36.0,0.0588235294117647,0.8,80.0,24,0,0,1,23,0,,80.0,high
documerica_0047.jpg,34.0,12.0,3.0,19.0,0.088235294117647,0.8,80.0,21,0,0,10,11,0,,80.0,high
documerica_0070.jpg,49.0,13.0,3.0,33.0,0.0612244897959183,0.8125,81.25,23,0,0,2,21,0,,81.25,high
documerica_0043.jpg,49.0,13.0,3.0,33.0,0.0612244897959183,0.8125,81.25,20,0,0,7,13,0,,81.25,high
documerica_0052.jpg,44.0,9.0,2.0,33.0,0.0454545454545454,0.8181818181818182,81.81818181818183,25,0,0,2,23,0,,81.81818181818183,high
documerica_0076.jpg,50.0,14.0,3.0,33.0,0.06,0.8235294117647058,82.35294117647058,25,0,0,0,25,0,,82.35294117647058,high
documerica_0048.jpg,32.0,10.0,2.0,20.0,0.0625,0.8333333333333334,83.33333333333334,24,0,0,7,17,0,,83.33333333333334,high
documerica_0025.jpg,34.0,10.0,2.0,22.0,0.0588235294117647,0.8333333333333334,83.33333333333334,22,0,0,0,22,0,,83.33333333333334,high
documerica_0059.jpg,45.0,10.0,2.0,33.0,0.0444444444444444,0.8333333333333334,83.33333333333334,20,0,0,1,19,0,,83.33333333333334,high
documerica_0069.jpg,46.0,10.0,2.0,34.0,0.0434782608695652,0.8333333333333334,83.33333333333334,23,0,0,2,21,0,,83.33333333333334,high
documerica_0066.jpg,86.0,15.0,3.0,68.0,0.0348837209302325,0.8333333333333334,83.33333333333334,16,0,0,3,13,0,,83.33333333333334,high
documerica_0044.jpg,48.0,16.0,3.0,29.0,0.0625,0.8421052631578947,84.21052631578947,21,0,0,3,18,0,,84.21052631578947,high
documerica_0012.jpg,57.0,12.0,2.0,43.0,0.0350877192982456,0.8571428571428571,85.71428571428571,20,0,0,0,20,0,,85.71428571428571,high
documerica_0015.jpg,37.0,12.0,2.0,23.0,0.054054054054054,0.8571428571428571,85.71428571428571,23,0,0,6,17,0,,85.71428571428571,high
documerica_0056.jpg,52.0,13.0,2.0,37.0,0.0384615384615384,0.8666666666666667,86.66666666666667,25,0,0,4,21,0,,86.66666666666667,high
documerica_0027.jpg,49.0,14.0,2.0,33.0,0.0408163265306122,0.875,87.5,26,0,0,0,26,0,,87.5,high
documerica_0034.jpg,46.0,15.0,2.0,29.0,0.0434782608695652,0.8823529411764706,88.23529411764706,18,0,0,2,16,0,,88.23529411764706,high
documerica_0010.jpg,47.0,15.0,2.0,30.0,0.0425531914893617,0.8823529411764706,88.23529411764706,20,0,0,3,17,0,,88.23529411764706,high
documerica_0009.jpg,55.0,24.0,3.0,28.0,0.0545454545454545,0.8888888888888888,88.88888888888889,21,0,0,6,15,0,,88.88888888888889,high
documerica_0006.jpg,50.0,16.0,2.0,32.0,0.04,0.8888888888888888,88.88888888888889,18,0,0,1,17,0,,88.88888888888889,high
documerica_0024.jpg,43.0,8.0,1.0,34.0,0.0232558139534883,0.8888888888888888,88.88888888888889,27,0,0,2,25,0,,88.88888888888889,high
documerica_0021.jpg,44.0,18.0,2.0,24.0,0.0454545454545454,0.9,90.0,25,0,0,10,15,0,,90.0,high
documerica_0062.jpg,48.0,18.0,2.0,28.0,0.0416666666666666,0.9,90.0,27,0,0,7,20,0,,90.0,high
documerica_0054.jpg,50.0,19.0,2.0,29.0,0.04,0.9047619047619048,90.47619047619048,14,0,0,3,11,0,,90.47619047619048,high
documerica_0096.jpg,29.0,10.0,1.0,18.0,0.0344827586206896,0.9090909090909092,90.9090909090909,28,0,0,2,26,0,,90.90909090909092,high
documerica_0087.jpg,35.0,10.0,1.0,24.0,0.0285714285714285,0.9090909090909092,90.9090909090909,25,0,0,1,24,0,,90.90909090909092,high
documerica_0088.jpg,34.0,10.0,1.0,23.0,0.0294117647058823,0.9090909090909092,90.9090909090909,25,0,0,5,20,0,,90.90909090909092,high
documerica_0064.jpg,40.0,11.0,1.0,28.0,0.025,0.9166666666666666,91.66666666666666,20,0,0,0,20,0,,91.66666666666666,high
documerica_0067.jpg,51.0,12.0,1.0,38.0,0.0196078431372549,0.9230769230769232,92.3076923076923,19,0,0,5,14,0,,92.30769230769232,high
documerica_0032.jpg,32.0,12.0,1.0,19.0,0.03125,0.9230769230769232,92.3076923076923,27,0,0,0,27,0,,92.30769230769232,high
documerica_0013.jpg,36.0,15.0,1.0,20.0,0.0277777777777777,0.9375,93.75,21,0,0,3,18,0,,93.75,high
documerica_0020.jpg,45.0,16.0,1.0,28.0,0.0222222222222222,0.9411764705882352,94.11764705882352,18,0,0,1,17,0,,94.11764705882352,high
documerica_0005.jpg,46.0,18.0,1.0,27.0,0.0217391304347826,0.9473684210526316,94.73684210526316,23,0,0,4,19,0,,94.73684210526316,high
documerica_0028.jpg,57.0,18.0,1.0,38.0,0.0175438596491228,0.9473684210526316,94.73684210526316,22,0,0,0,22,0,,94.73684210526316,high
documerica_0073.jpg,51.0,19.0,1.0,31.0,0.0196078431372549,0.95,95.0,20,0,0,1,19,0,,95.0,high
documerica_0085.jpg,42.0,19.0,1.0,22.0,0.0238095238095238,0.95,95.0,21,0,0,2,19,0,,95.0,high
documerica_0058.jpg,46.0,19.0,1.0,26.0,0.0217391304347826,0.95,95.0,19,0,0,3,16,0,,95.0,high
documerica_0008.jpg,45.0,20.0,1.0,24.0,0.0222222222222222,0.9523809523809524,95.23809523809524,24,0,0,0,24,0,,95.23809523809524,high
documerica_0036.jpg,46.0,17.0,1.0,28.0,0.0217391304347826,0.9444444444444444,94.44444444444444,24,1,0,10,13,1,1.0,95.55555555555554,high
documerica_0063.jpg,70.0,18.0,1.0,51.0,0.0142857142857142,0.9473684210526316,94.73684210526316,19,2,0,3,14,2,1.0,95.78947368421053,high
documerica_0035.jpg,49.0,23.0,1.0,25.0,0.0204081632653061,0.9583333333333334,95.83333333333334,22,0,0,0,22,0,,95.83333333333334,high
documerica_0018.jpg,59.0,23.0,0.0,36.0,0.0,1.0,100.0,19,0,0,0,19,0,,100.0,high
documerica_0011.jpg,42.0,7.0,0.0,35.0,0.0,1.0,100.0,15,0,0,6,9,0,,100.0,high
documerica_0026.jpg,35.0,10.0,0.0,25.0,0.0,1.0,100.0,24,0,0,5,19,0,,100.0,high
documerica_0031.jpg,28.0,11.0,0.0,17.0,0.0,1.0,100.0,27,0,0,1,26,0,,100.0,high
documerica_0065.jpg,32.0,11.0,0.0,21.0,0.0,1.0,100.0,23,0,0,1,22,0,,100.0,high
documerica_0061.jpg,43.0,13.0,0.0,30.0,0.0,1.0,100.0,21,0,0,0,21,0,,100.0,high
documerica_0055.jpg,56.0,20.0,0.0,36.0,0.0,1.0,100.0,19,0,0,2,17,0,,100.0,high
documerica_0060.jpg,37.0,10.0,0.0,27.0,0.0,1.0,100.0,27,0,0,1,26,0,,100.0,high
documerica_0037.jpg,32.0,14.0,0.0,18.0,0.0,1.0,100.0,24,0,0,3,21,0,,100.0,high
documerica_0042.jpg,49.0,18.0,0.0,31.0,0.0,1.0,100.0,25,0,0,2,23,0,,100.0,high
documerica_0040.jpg,48.0,19.0,0.0,29.0,0.0,1.0,100.0,26,0,0,2,24,0,,100.0,high
documerica_0075.jpg,44.0,7.0,0.0,37.0,0.0,1.0,100.0,20,0,0,0,20,0,,100.0,high
documerica_0078.jpg,36.0,10.0,0.0,26.0,0.0,1.0,100.0,24,0,0,1,23,0,,100.0,high
documerica_0077.jpg,51.0,20.0,0.0,31.0,0.0,1.0,100.0,24,0,0,5,19,0,,100.0,high
documerica_0074.jpg,40.0,16.0,0.0,24.0,0.0,1.0,100.0,24,0,0,2,22,0,,100.0,high
documerica_0093.jpg,39.0,10.0,0.0,29.0,0.0,1.0,100.0,24,0,0,1,23,0,,100.0,high
