image_name,nli_pairs,entailment_count,contradiction_count,neutral_count,contradiction_rate,consistency_score,consistency_percent
documerica_0005.jpg,46.0,18.0,1.0,27.0,0.021739130434782608,0.9473684210526315,94.73684210526315
documerica_0006.jpg,50.0,16.0,2.0,32.0,0.04,0.8888888888888888,88.88888888888889
documerica_0007.jpg,37.0,4.0,2.0,31.0,0.05405405405405406,0.6666666666666666,66.66666666666666
documerica_0008.jpg,45.0,20.0,1.0,24.0,0.022222222222222223,0.9523809523809523,95.23809523809523
documerica_0009.jpg,55.0,24.0,3.0,28.0,0.05454545454545454,0.8888888888888888,88.88888888888889
documerica_0010.jpg,47.0,15.0,2.0,30.0,0.0425531914893617,0.8823529411764706,88.23529411764706
documerica_0011.jpg,42.0,7.0,0.0,35.0,0.0,1.0,100.0
documerica_0012.jpg,57.0,12.0,2.0,43.0,0.03508771929824561,0.8571428571428571,85.71428571428571
documerica_0013.jpg,36.0,15.0,1.0,20.0,0.027777777777777776,0.9375,93.75
documerica_0014.jpg,43.0,13.0,4.0,26.0,0.09302325581395349,0.7647058823529411,76.47058823529412
documerica_0015.jpg,37.0,12.0,2.0,23.0,0.05405405405405406,0.8571428571428571,85.71428571428571
documerica_0016.jpg,63.0,17.0,6.0,40.0,0.09523809523809523,0.7391304347826086,73.91304347826086
documerica_0017.jpg,38.0,12.0,4.0,22.0,0.10526315789473684,0.75,75.0
documerica_0018.jpg,59.0,23.0,0.0,36.0,0.0,1.0,100.0
documerica_0019.jpg,35.0,4.0,5.0,26.0,0.14285714285714285,0.4444444444444444,44.44444444444444
documerica_0020.jpg,45.0,16.0,1.0,28.0,0.022222222222222223,0.9411764705882353,94.11764705882352
documerica_0021.jpg,44.0,18.0,2.0,24.0,0.045454545454545456,0.9,90.0
documerica_0022.jpg,42.0,17.0,6.0,19.0,0.14285714285714285,0.7391304347826086,73.91304347826086
documerica_0023.jpg,36.0,10.0,3.0,23.0,0.08333333333333333,0.7692307692307693,76.92307692307693
documerica_0024.jpg,43.0,8.0,1.0,34.0,0.023255813953488372,0.8888888888888888,88.88888888888889
documerica_0025.jpg,34.0,10.0,2.0,22.0,0.058823529411764705,0.8333333333333334,83.33333333333334
documerica_0026.jpg,35.0,10.0,0.0,25.0,0.0,1.0,100.0
documerica_0027.jpg,49.0,14.0,2.0,33.0,0.04081632653061224,0.875,87.5
documerica_0028.jpg,57.0,18.0,1.0,38.0,0.017543859649122806,0.9473684210526315,94.73684210526315
documerica_0029.jpg,27.0,9.0,3.0,15.0,0.1111111111111111,0.75,75.0
documerica_0030.jpg,37.0,7.0,8.0,22.0,0.21621621621621623,0.4666666666666667,46.666666666666664
documerica_0031.jpg,28.0,11.0,0.0,17.0,0.0,1.0,100.0
documerica_0032.jpg,32.0,12.0,1.0,19.0,0.03125,0.9230769230769231,92.3076923076923
documerica_0033.jpg,67.0,14.0,4.0,49.0,0.05970149253731343,0.7777777777777778,77.77777777777779
documerica_0034.jpg,46.0,15.0,2.0,29.0,0.043478260869565216,0.8823529411764706,88.23529411764706
documerica_0035.jpg,49.0,23.0,1.0,25.0,0.02040816326530612,0.9583333333333334,95.83333333333334
documerica_0036.jpg,46.0,17.0,1.0,28.0,0.021739130434782608,0.9444444444444444,94.44444444444444
documerica_0037.jpg,32.0,14.0,0.0,18.0,0.0,1.0,100.0
documerica_0038.jpg,52.0,11.0,4.0,37.0,0.07692307692307693,0.7333333333333333,73.33333333333333
documerica_0039.jpg,40.0,5.0,9.0,26.0,0.225,0.35714285714285715,35.714285714285715
documerica_0040.jpg,48.0,19.0,0.0,29.0,0.0,1.0,100.0
documerica_0041.jpg,29.0,8.0,3.0,18.0,0.10344827586206896,0.7272727272727273,72.72727272727273
documerica_0042.jpg,49.0,18.0,0.0,31.0,0.0,1.0,100.0
documerica_0043.jpg,49.0,13.0,3.0,33.0,0.061224489795918366,0.8125,81.25
documerica_0044.jpg,48.0,16.0,3.0,29.0,0.0625,0.8421052631578947,84.21052631578947
documerica_0045.jpg,28.0,10.0,5.0,13.0,0.17857142857142858,0.6666666666666666,66.66666666666666
documerica_0046.jpg,36.0,12.0,5.0,19.0,0.1388888888888889,0.7058823529411765,70.58823529411765
documerica_0047.jpg,34.0,12.0,3.0,19.0,0.08823529411764706,0.8,80.0
documerica_0048.jpg,32.0,10.0,2.0,20.0,0.0625,0.8333333333333334,83.33333333333334
documerica_0049.jpg,54.0,9.0,9.0,36.0,0.16666666666666666,0.5,50.0
documerica_0050.jpg,47.0,16.0,4.0,27.0,0.0851063829787234,0.8,80.0
documerica_0051.jpg,46.0,6.0,4.0,36.0,0.08695652173913043,0.6,60.0
documerica_0052.jpg,44.0,9.0,2.0,33.0,0.045454545454545456,0.8181818181818182,81.81818181818183
documerica_0053.jpg,47.0,6.0,2.0,39.0,0.0425531914893617,0.75,75.0
documerica_0054.jpg,50.0,19.0,2.0,29.0,0.04,0.9047619047619048,90.47619047619048
documerica_0055.jpg,56.0,20.0,0.0,36.0,0.0,1.0,100.0
documerica_0056.jpg,52.0,13.0,2.0,37.0,0.038461538461538464,0.8666666666666667,86.66666666666667
documerica_0057.jpg,56.0,9.0,3.0,44.0,0.05357142857142857,0.75,75.0
documerica_0058.jpg,46.0,19.0,1.0,26.0,0.021739130434782608,0.95,95.0
documerica_0059.jpg,45.0,10.0,2.0,33.0,0.044444444444444446,0.8333333333333334,83.33333333333334
documerica_0060.jpg,37.0,10.0,0.0,27.0,0.0,1.0,100.0
documerica_0061.jpg,43.0,13.0,0.0,30.0,0.0,1.0,100.0
documerica_0062.jpg,48.0,18.0,2.0,28.0,0.041666666666666664,0.9,90.0
documerica_0063.jpg,70.0,18.0,1.0,51.0,0.014285714285714285,0.9473684210526315,94.73684210526315
documerica_0064.jpg,40.0,11.0,1.0,28.0,0.025,0.9166666666666666,91.66666666666666
documerica_0065.jpg,32.0,11.0,0.0,21.0,0.0,1.0,100.0
documerica_0066.jpg,86.0,15.0,3.0,68.0,0.03488372093023256,0.8333333333333334,83.33333333333334
documerica_0067.jpg,51.0,12.0,1.0,38.0,0.0196078431372549,0.9230769230769231,92.3076923076923
documerica_0068.jpg,50.0,8.0,10.0,32.0,0.2,0.4444444444444444,44.44444444444444
documerica_0069.jpg,46.0,10.0,2.0,34.0,0.043478260869565216,0.8333333333333334,83.33333333333334
documerica_0070.jpg,49.0,13.0,3.0,33.0,0.061224489795918366,0.8125,81.25
documerica_0071.jpg,34.0,4.0,9.0,21.0,0.2647058823529412,0.3076923076923077,30.76923076923077
documerica_0072.jpg,64.0,15.0,4.0,45.0,0.0625,0.7894736842105263,78.94736842105263
documerica_0073.jpg,51.0,19.0,1.0,31.0,0.0196078431372549,0.95,95.0
documerica_0074.jpg,40.0,16.0,0.0,24.0,0.0,1.0,100.0
documerica_0075.jpg,44.0,7.0,0.0,37.0,0.0,1.0,100.0
documerica_0076.jpg,50.0,14.0,3.0,33.0,0.06,0.8235294117647058,82.35294117647058
documerica_0077.jpg,51.0,20.0,0.0,31.0,0.0,1.0,100.0
documerica_0078.jpg,36.0,10.0,0.0,26.0,0.0,1.0,100.0
documerica_0079.jpg,51.0,12.0,3.0,36.0,0.058823529411764705,0.8,80.0
documerica_0080.jpg,64.0,12.0,5.0,47.0,0.078125,0.7058823529411765,70.58823529411765
documerica_0081.jpg,49.0,9.0,3.0,37.0,0.061224489795918366,0.75,75.0
documerica_0082.jpg,37.0,9.0,7.0,21.0,0.1891891891891892,0.5625,56.25
documerica_0083.jpg,48.0,12.0,4.0,32.0,0.08333333333333333,0.75,75.0
documerica_0084.jpg,49.0,6.0,2.0,41.0,0.04081632653061224,0.75,75.0
documerica_0085.jpg,42.0,19.0,1.0,22.0,0.023809523809523808,0.95,95.0
documerica_0086.jpg,54.0,9.0,5.0,40.0,0.09259259259259259,0.6428571428571429,64.28571428571429
documerica_0087.jpg,35.0,10.0,1.0,24.0,0.02857142857142857,0.9090909090909091,90.9090909090909
documerica_0088.jpg,34.0,10.0,1.0,23.0,0.029411764705882353,0.9090909090909091,90.9090909090909
documerica_0089.jpg,54.0,16.0,5.0,33.0,0.09259259259259259,0.7619047619047619,76.19047619047619
documerica_0090.jpg,39.0,10.0,6.0,23.0,0.15384615384615385,0.625,62.5
documerica_0091.jpg,53.0,7.0,2.0,44.0,0.03773584905660377,0.7777777777777778,77.77777777777779
documerica_0092.jpg,51.0,5.0,4.0,42.0,0.0784313725490196,0.5555555555555556,55.55555555555556
documerica_0093.jpg,39.0,10.0,0.0,29.0,0.0,1.0,100.0
documerica_0094.jpg,53.0,7.0,6.0,40.0,0.11320754716981132,0.5384615384615384,53.84615384615385
documerica_0095.jpg,33.0,1.0,1.0,31.0,0.030303030303030304,0.5,50.0
documerica_0096.jpg,29.0,10.0,1.0,18.0,0.034482758620689655,0.9090909090909091,90.9090909090909
